{
  "SimulationName": "Wash_Idaho_Metro_Route_Around_Seattle",
  "SimulationDuration": 50,
  "NetworkPoints": {
    "West_Washington_Moderate_Metro_Terra": {
      "Type": "Terrestrial",
      "Location": {
        "Longitude": -124.7475777,
        "Latitude": 48.1665485
      }
    },
    "West_Seattle_ModerateHigh_Metro": {
      "Type": "GroundStation",
      "Location": {
        "Longitude": -124.3832924,
        "Latitude": 47.6144850
      }
    },
    "East_Seattle_ModerateHigh_Metro": {
      "Type": "GroundStation",
      "Location": {
        "Longitude": -121.338718,
        "Latitude": 47.2896012
      }
    },
    "NorthWest_Idaho_Escape": {
      "Type": "Terrestrial",
      "Location": {
        "Latitude": 47.698595,
        "Longitude": -117.032471
      }
    }
  },
  "NetworkOrder": ["West_Washington_Moderate_Metro_Terra", "West_Seattle_ModerateHigh_Metro", "East_Seattle_ModerateHigh_Metro", "NorthWest_Idaho_Escape"],
  "Constellation": "Starlink"
}
