{
  "SimulationName": "Wash_Idaho_Metro_Route_Around_Seattle",
  "SimulationDuration": 50,
  "NetworkPoints": {
    "West_Washington_Moderate_Metro": {
      "Type": "GroundStation",
      "Location": {
        "Longitude": -124.7475777,
        "Latitude": 48.1665485
      }
    },
    "East_Washington_Moderate_Metro": {
      "Type": "GroundStation",
      "Location": {
        "Longitude": -120.0110503,
        "Latitude": 47.7192189
      }
    },
    "NorthWest_Idaho_Escape": {
      "Type": "Terrestrial",
      "Location": {
        "Latitude": 47.698595,
        "Longitude": -117.032471
      }
    }
  },
  "NetworkOrder": ["West_Washington_Moderate_Metro", "East_Washington_Moderate_Metro", "NorthWest_Idaho_Escape"],
  "Constellation": "Starlink"
}
