{
  "SimulationName": "PNWEarthquakeRecoverySimulation",
  "SimulationDuration": 50,
  "NetworkPoints": {
    "North_Portland_Moderate_LongHaul": {
      "Type": "GroundStation",
      "Location": {
        "Longitude": -122.7502469,
        "Latitude": 45.8111092
      }
    },
    "South_Portland_Moderate_LongHaul": {
      "Type": "GroundStation",
      "Location": {
        "Longitude": -122.7692691,
        "Latitude": 45.2361496
      }
    },
    "South_Salem_Light_LongHaul": {
      "Type": "GroundStation",
      "Location": {
        "Longitude": -123.1497130,
        "Latitude": 44.3284905
      }
    },
    "West_Washington_Moderate_Metro": {
      "Type": "GroundStation",
      "Location": {
        "Longitude": -124.7475777,
        "Latitude": 48.1665485
      }
    },
    "West_Seattle_ModerateHigh_Metro": {
      "Type": "GroundStation",
      "Location": {
        "Longitude": -124.3832924,
        "Latitude": 47.6144850
      }
    },
    "East_Seattle_ModerateHigh_Metro": {
      "Type": "GroundStation",
      "Location": {
        "Longitude": -121.338718,
        "Latitude": 47.2896012
      }
    },
    "East_Washington_Moderate_Metro": {
      "Type": "GroundStation",
      "Location": {
        "Longitude": -120.0110503,
        "Latitude": 47.7192189
      }
    },
    "SouthEast_Seattle_Moderate_Metro": {
      "Type": "GroundStation",
      "Location": {
        "Longitude": -119.9730059,
        "Latitude": 46.5510305
      }
    },
    "North_Seattle_ModerateHigh_LongHaul": {
      "Type": "GroundStation",
      "Location": {
        "Longitude": -122.7502469,
        "Latitude": 48.9995047
      }
    },
    "South_Seattle_ModerateHigh_LongHaul": {
      "Type": "GroundStation",
      "Location": {
        "Longitude": -122.9024244,
        "Latitude": 46.3538199
      }
    },
    "West_Salem_Moderate_Metro": {
      "Type": "GroundStation",
      "Location": {
        "Longitude": -124.0627786,
        "Latitude": 44.8721048
      }
    },
    "Direct_Eugene_Light_LongHaul": {
      "Type": "GroundStation",
      "Location": {
        "Longitude": -123.0926464,
        "Latitude": 44.0684798
      }
    },
    "East_Medford_Moderate_LongHaul": {
      "Type": "GroundStation",
      "Location": {
        "Longitude": -121.8562035,
        "Latitude": 42.3714295
      }
    },
    "West_Portland_Moderate_Metro": {
      "Type": "GroundStation",
      "Location": {
        "Longitude": -123.0968990,
        "Latitude": 45.5195137
      }
    },
    "East_Portland_Moderate_Metro": {
      "Type": "GroundStation",
      "Location": {
        "Longitude": -122.1594740,
        "Latitude": 45.5579819
      }
    },
    "East_Oregon_Light_Metro": {
      "Type": "GroundStation",
      "Location": {
        "Longitude": -119.0734984,
        "Latitude": 45.9364335
      }
    }
  },
  "NetworkOrder": ["North_Portland_Moderate_LongHaul", "South_Portland_Moderate_LongHaul", "South_Salem_Light_LongHaul", "West_Washington_Moderate_Metro", "West_Seattle_ModerateHigh_Metro", "East_Seattle_ModerateHigh_Metro", "East_Washington_Moderate_Metro", "SouthEast_Seattle_Moderate_Metro", "North_Seattle_ModerateHigh_LongHaul", "South_Seattle_ModerateHigh_LongHaul", "West_Salem_Moderate_Metro", "Direct_Eugene_Light_LongHaul", "East_Medford_Moderate_LongHaul", "West_Portland_Moderate_Metro", "East_Portland_Moderate_Metro", "East_Oregon_Light_Metro"],
  "Constellation": "Telesat"
}
